[{
  "_id": {
    "$oid": "5fcfd5a13b5b87012ff1e115"
  },
  "id": 1,
  "password": "pbkdf2_sha256$216000$rS38YD00bJsS$QXchk/eNYkUYo/IKxSkzV0VPIG033h8Q94KqVv1K5nY=",
  "last_login": {
    "$date": "2020-12-17T09:58:35.526Z"
  },
  "is_superuser": true,
  "username": "BilgeHicyilmam",
  "first_name": "",
  "last_name": "",
  "email": "hicyilmambilge@gmail.com",
  "is_staff": true,
  "is_active": true,
  "date_joined": {
    "$date": "2020-12-08T19:36:01.056Z"
  }
},{
  "_id": {
    "$oid": "5fd6655aa51d3a1e1666e878"
  },
  "id": 2,
  "password": "pbkdf2_sha256$216000$YHZ3nH4qDj7w$XdY7KdLOSagrzGSf4WRZ+sJTKCNNej/EGg16ELa4EOU=",
  "last_login": {
    "$date": "2020-12-19T06:56:32.706Z"
  },
  "is_superuser": true,
  "username": "harry",
  "first_name": "",
  "last_name": "",
  "email": "kodyap@gmail.com",
  "is_staff": true,
  "is_active": true,
  "date_joined": {
    "$date": "2020-12-13T19:02:49.584Z"
  }
},{
  "_id": {
    "$oid": "5fde3d4f4ec865dfed851a6e"
  },
  "id": 3,
  "password": "pbkdf2_sha256$216000$fCsf45rqQ2oi$seQfXeTy3C8AU1iyCsLF8WXHk4ENAh49cMjaFvU+5HU=",
  "last_login": {
    "$date": "2020-12-21T08:35:48.168Z"
  },
  "is_superuser": true,
  "username": "kaksoy",
  "first_name": "",
  "last_name": "",
  "email": "kaksoy1@binghamton.edu",
  "is_staff": true,
  "is_active": true,
  "date_joined": {
    "$date": "2020-12-19T17:50:06.729Z"
  }
},{
  "_id": {
    "$oid": "5fdf4a10d9b849181e1036c2"
  },
  "id": 4,
  "password": "pbkdf2_sha256$216000$tbYCHzNYMoYg$m22Rp/AFqKLk8RtUjPeS3W7zOwWsaKoaJ8PDXxwzmXs=",
  "last_login": {
    "$date": "2020-12-20T12:57:37.809Z"
  },
  "is_superuser": true,
  "username": "bilge",
  "first_name": "",
  "last_name": "",
  "email": "hicyilmambilge@gmail.com",
  "is_staff": true,
  "is_active": true,
  "date_joined": {
    "$date": "2020-12-20T12:56:48.226Z"
  }
}]