[{
  "_id": {
    "$oid": "5fcfd6d4ed1fda6bcc47aefa"
  },
  "id": 1,
  "action_time": {
    "$date": "2020-12-08T19:41:08.386Z"
  },
  "user_id": 1,
  "content_type_id": 7,
  "object_id": "1",
  "object_repr": "article object (1)",
  "action_flag": 1,
  "change_message": "[{\"added\": {}}]"
},{
  "_id": {
    "$oid": "5fcfdc281cb859ddc06f6864"
  },
  "id": 2,
  "action_time": {
    "$date": "2020-12-08T20:03:52.595Z"
  },
  "user_id": 1,
  "content_type_id": 7,
  "object_id": "2",
  "object_repr": "article object (2)",
  "action_flag": 1,
  "change_message": "[{\"added\": {}}]"
},{
  "_id": {
    "$oid": "5fcfe097157734856867bd10"
  },
  "id": 3,
  "action_time": {
    "$date": "2020-12-08T20:22:47.325Z"
  },
  "user_id": 1,
  "content_type_id": 7,
  "object_id": "33533485",
  "object_repr": "article object (33533485)",
  "action_flag": 1,
  "change_message": "[{\"added\": {}}]"
},{
  "_id": {
    "$oid": "5fd1373dca93267acbbbbbae"
  },
  "id": 4,
  "action_time": {
    "$date": "2020-12-09T20:44:45.288Z"
  },
  "user_id": 1,
  "content_type_id": 7,
  "object_id": "4",
  "object_repr": "article object (4)",
  "action_flag": 1,
  "change_message": "[{\"added\": {}}]"
},{
  "_id": {
    "$oid": "5fd1f51b2128db350df64b7c"
  },
  "id": 5,
  "action_time": {
    "$date": "2020-12-10T10:14:51.402Z"
  },
  "user_id": 1,
  "content_type_id": 7,
  "object_id": "150000",
  "object_repr": "3353356",
  "action_flag": 1,
  "change_message": "[{\"added\": {}}]"
},{
  "_id": {
    "$oid": "5fd66c7b1a04fe9da00d4257"
  },
  "id": 6,
  "action_time": {
    "$date": "2020-12-13T19:33:15.655Z"
  },
  "user_id": 2,
  "content_type_id": 8,
  "object_id": "5fd66c7b1a04fe9da00d4256",
  "object_repr": "Ontology object (5fd66c7b1a04fe9da00d4256)",
  "action_flag": 1,
  "change_message": "[{\"added\": {}}]"
},{
  "_id": {
    "$oid": "5fd66f83bd43e04f92930ec1"
  },
  "id": 7,
  "action_time": {
    "$date": "2020-12-13T19:46:10.857Z"
  },
  "user_id": 2,
  "content_type_id": 8,
  "object_id": "5fd66f82bd43e04f92930ec0",
  "object_repr": "test1",
  "action_flag": 1,
  "change_message": "[{\"added\": {}}]"
},{
  "_id": {
    "$oid": "5fd670b591b8cc65cc2e7634"
  },
  "id": 8,
  "action_time": {
    "$date": "2020-12-13T19:51:17.678Z"
  },
  "user_id": 2,
  "content_type_id": 8,
  "object_id": "5fd670b591b8cc65cc2e7633",
  "object_repr": "Ontology object (5fd670b591b8cc65cc2e7633)",
  "action_flag": 1,
  "change_message": "[{\"added\": {}}]"
},{
  "_id": {
    "$oid": "5fd6ff4c42ee38ce402b65a0"
  },
  "id": 9,
  "action_time": {
    "$date": "2020-12-14T05:59:40.331Z"
  },
  "user_id": 2,
  "content_type_id": 8,
  "object_id": "5fd6ff4c42ee38ce402b659f",
  "object_repr": "Ontology object (5fd6ff4c42ee38ce402b659f)",
  "action_flag": 1,
  "change_message": "[{\"added\": {}}]"
},{
  "_id": {
    "$oid": "5fd70097665f6cc87760b47d"
  },
  "id": 10,
  "action_time": {
    "$date": "2020-12-14T06:05:11.035Z"
  },
  "user_id": 2,
  "content_type_id": 8,
  "object_id": "5fd70096665f6cc87760b47c",
  "object_repr": "Ontology object (5fd70096665f6cc87760b47c)",
  "action_flag": 1,
  "change_message": "[{\"added\": {}}]"
},{
  "_id": {
    "$oid": "5fd70351fde1509cd620cab6"
  },
  "id": 11,
  "action_time": {
    "$date": "2020-12-14T06:16:48.872Z"
  },
  "user_id": 2,
  "content_type_id": 8,
  "object_id": "None",
  "object_repr": "Ontology object (None)",
  "action_flag": 1,
  "change_message": "[{\"added\": {}}]"
},{
  "_id": {
    "$oid": "5fd703e0f07c0b4556b0b715"
  },
  "id": 12,
  "action_time": {
    "$date": "2020-12-14T06:19:12.124Z"
  },
  "user_id": 2,
  "content_type_id": 8,
  "object_id": "5fd703dff07c0b4556b0b714",
  "object_repr": "Ontology object (5fd703dff07c0b4556b0b714)",
  "action_flag": 1,
  "change_message": "[{\"added\": {}}]"
},{
  "_id": {
    "$oid": "5fd70440f07c0b4556b0b717"
  },
  "id": 13,
  "action_time": {
    "$date": "2020-12-14T06:20:48.136Z"
  },
  "user_id": 2,
  "content_type_id": 8,
  "object_id": "5fd7043ff07c0b4556b0b716",
  "object_repr": "Ontology object (5fd7043ff07c0b4556b0b716)",
  "action_flag": 1,
  "change_message": "[{\"added\": {}}]"
},{
  "_id": {
    "$oid": "5fd705056879fb0543655d2d"
  },
  "id": 14,
  "action_time": {
    "$date": "2020-12-14T06:24:05.465Z"
  },
  "user_id": 2,
  "content_type_id": 8,
  "object_id": "5fd705056879fb0543655d2c",
  "object_repr": "Ontology object (5fd705056879fb0543655d2c)",
  "action_flag": 1,
  "change_message": "[{\"added\": {}}]"
},{
  "_id": {
    "$oid": "5fd7051c6879fb0543655d2e"
  },
  "id": 15,
  "action_time": {
    "$date": "2020-12-14T06:24:27.965Z"
  },
  "user_id": 2,
  "content_type_id": 8,
  "object_id": "0",
  "object_repr": "Ontology object (0)",
  "action_flag": 1,
  "change_message": "[{\"added\": {}}]"
},{
  "_id": {
    "$oid": "5fd705cd79f8961ea5948892"
  },
  "id": 16,
  "action_time": {
    "$date": "2020-12-14T06:27:25.490Z"
  },
  "user_id": 2,
  "content_type_id": 8,
  "object_id": "5fd705cd79f8961ea5948891",
  "object_repr": "Ontology object (5fd705cd79f8961ea5948891)",
  "action_flag": 1,
  "change_message": "[{\"added\": {}}]"
},{
  "_id": {
    "$oid": "5fd705dc79f8961ea5948894"
  },
  "id": 17,
  "action_time": {
    "$date": "2020-12-14T06:27:40.355Z"
  },
  "user_id": 2,
  "content_type_id": 8,
  "object_id": "5fd705dc79f8961ea5948893",
  "object_repr": "Ontology object (5fd705dc79f8961ea5948893)",
  "action_flag": 1,
  "change_message": "[{\"added\": {}}]"
},{
  "_id": {
    "$oid": "5fd707ba13f3ff70f8923784"
  },
  "id": 18,
  "action_time": {
    "$date": "2020-12-14T06:35:38.013Z"
  },
  "user_id": 2,
  "content_type_id": 8,
  "object_id": "1",
  "object_repr": "Ontology object (1)",
  "action_flag": 1,
  "change_message": "[{\"added\": {}}]"
},{
  "_id": {
    "$oid": "5fd707cc13f3ff70f8923786"
  },
  "id": 19,
  "action_time": {
    "$date": "2020-12-14T06:35:56.317Z"
  },
  "user_id": 2,
  "content_type_id": 8,
  "object_id": "2",
  "object_repr": "Ontology object (2)",
  "action_flag": 1,
  "change_message": "[{\"added\": {}}]"
},{
  "_id": {
    "$oid": "5fd708bb3bf83a5f55f663c6"
  },
  "id": 20,
  "action_time": {
    "$date": "2020-12-14T06:39:55.135Z"
  },
  "user_id": 2,
  "content_type_id": 8,
  "object_id": "1",
  "object_repr": "Ontology object (1)",
  "action_flag": 2,
  "change_message": "[{\"changed\": {\"fields\": [\"Label\"]}}]"
},{
  "_id": {
    "$oid": "5fdb2ef11e369cb925b679cb"
  },
  "id": 21,
  "action_time": {
    "$date": "2020-12-17T10:12:01.800Z"
  },
  "user_id": 1,
  "content_type_id": 7,
  "object_id": "150000",
  "object_repr": "3353356",
  "action_flag": 1,
  "change_message": "[{\"added\": {}}]"
},{
  "_id": {
    "$oid": "5fdb975235c627940e30ac03"
  },
  "id": 22,
  "action_time": {
    "$date": "2020-12-17T17:37:22.415Z"
  },
  "user_id": 1,
  "content_type_id": 7,
  "object_id": "150000",
  "object_repr": "3353356",
  "action_flag": 1,
  "change_message": "[{\"added\": {}}]"
},{
  "_id": {
    "$oid": "5fdbdc955335f82792ea6166"
  },
  "id": 23,
  "action_time": {
    "$date": "2020-12-17T22:32:53.606Z"
  },
  "user_id": 1,
  "content_type_id": 7,
  "object_id": "150000",
  "object_repr": "3353356",
  "action_flag": 1,
  "change_message": "[{\"added\": {}}]"
},{
  "_id": {
    "$oid": "5fde5021c4d3dca94dd5b3b7"
  },
  "id": 24,
  "action_time": {
    "$date": "2020-12-19T19:10:25.065Z"
  },
  "user_id": 3,
  "content_type_id": 9,
  "object_id": "1",
  "object_repr": "test",
  "action_flag": 1,
  "change_message": "[{\"added\": {}}]"
},{
  "_id": {
    "$oid": "5fde5021c4d3dca94dd5b3b8"
  },
  "id": 25,
  "action_time": {
    "$date": "2020-12-19T19:10:25.097Z"
  },
  "user_id": 3,
  "content_type_id": 9,
  "object_id": "2",
  "object_repr": "test",
  "action_flag": 1,
  "change_message": "[{\"added\": {}}]"
},{
  "_id": {
    "$oid": "5fde506dc4d3dca94dd5b3ba"
  },
  "id": 26,
  "action_time": {
    "$date": "2020-12-19T19:11:41.428Z"
  },
  "user_id": 3,
  "content_type_id": 9,
  "object_id": "3",
  "object_repr": "test1",
  "action_flag": 1,
  "change_message": "[{\"added\": {}}]"
},{
  "_id": {
    "$oid": "5fdf4ab378b8e40dd874b9a5"
  },
  "id": 27,
  "action_time": {
    "$date": "2020-12-20T12:59:31.299Z"
  },
  "user_id": 4,
  "content_type_id": 7,
  "object_id": "150000",
  "object_repr": "1",
  "action_flag": 1,
  "change_message": "[{\"added\": {}}]"
}]