[{
  "_id": {
    "$oid": "5fce1d2567f12d6b13196a93"
  },
  "id": 1,
  "app": "contenttypes",
  "name": "0001_initial",
  "applied": {
    "$date": "2020-12-07T12:16:36.780Z"
  }
},{
  "_id": {
    "$oid": "5fce1d2967f12d6b13196a94"
  },
  "id": 2,
  "app": "auth",
  "name": "0001_initial",
  "applied": {
    "$date": "2020-12-07T12:16:41.499Z"
  }
},{
  "_id": {
    "$oid": "5fce1d2c67f12d6b13196a95"
  },
  "id": 3,
  "app": "admin",
  "name": "0001_initial",
  "applied": {
    "$date": "2020-12-07T12:16:44.407Z"
  }
},{
  "_id": {
    "$oid": "5fce1d2d67f12d6b13196a96"
  },
  "id": 4,
  "app": "admin",
  "name": "0002_logentry_remove_auto_add",
  "applied": {
    "$date": "2020-12-07T12:16:45.189Z"
  }
},{
  "_id": {
    "$oid": "5fce1d2d67f12d6b13196a97"
  },
  "id": 5,
  "app": "admin",
  "name": "0003_logentry_add_action_flag_choices",
  "applied": {
    "$date": "2020-12-07T12:16:45.637Z"
  }
},{
  "_id": {
    "$oid": "5fce1d2e67f12d6b13196a98"
  },
  "id": 6,
  "app": "contenttypes",
  "name": "0002_remove_content_type_name",
  "applied": {
    "$date": "2020-12-07T12:16:46.399Z"
  }
},{
  "_id": {
    "$oid": "5fce1d2f67f12d6b13196a99"
  },
  "id": 7,
  "app": "auth",
  "name": "0002_alter_permission_name_max_length",
  "applied": {
    "$date": "2020-12-07T12:16:46.865Z"
  }
},{
  "_id": {
    "$oid": "5fce1d2f67f12d6b13196a9a"
  },
  "id": 8,
  "app": "auth",
  "name": "0003_alter_user_email_max_length",
  "applied": {
    "$date": "2020-12-07T12:16:47.327Z"
  }
},{
  "_id": {
    "$oid": "5fce1d2f67f12d6b13196a9b"
  },
  "id": 9,
  "app": "auth",
  "name": "0004_alter_user_username_opts",
  "applied": {
    "$date": "2020-12-07T12:16:47.778Z"
  }
},{
  "_id": {
    "$oid": "5fce1d3067f12d6b13196a9c"
  },
  "id": 10,
  "app": "auth",
  "name": "0005_alter_user_last_login_null",
  "applied": {
    "$date": "2020-12-07T12:16:48.247Z"
  }
},{
  "_id": {
    "$oid": "5fce1d3067f12d6b13196a9d"
  },
  "id": 11,
  "app": "auth",
  "name": "0006_require_contenttypes_0002",
  "applied": {
    "$date": "2020-12-07T12:16:48.709Z"
  }
},{
  "_id": {
    "$oid": "5fce1d3167f12d6b13196a9e"
  },
  "id": 12,
  "app": "auth",
  "name": "0007_alter_validators_add_error_messages",
  "applied": {
    "$date": "2020-12-07T12:16:49.167Z"
  }
},{
  "_id": {
    "$oid": "5fce1d3167f12d6b13196a9f"
  },
  "id": 13,
  "app": "auth",
  "name": "0008_alter_user_username_max_length",
  "applied": {
    "$date": "2020-12-07T12:16:49.798Z"
  }
},{
  "_id": {
    "$oid": "5fce1d3267f12d6b13196aa0"
  },
  "id": 14,
  "app": "auth",
  "name": "0009_alter_user_last_name_max_length",
  "applied": {
    "$date": "2020-12-07T12:16:50.248Z"
  }
},{
  "_id": {
    "$oid": "5fce1d3267f12d6b13196aa1"
  },
  "id": 15,
  "app": "auth",
  "name": "0010_alter_group_name_max_length",
  "applied": {
    "$date": "2020-12-07T12:16:50.704Z"
  }
},{
  "_id": {
    "$oid": "5fce1d3367f12d6b13196aa2"
  },
  "id": 16,
  "app": "auth",
  "name": "0011_update_proxy_permissions",
  "applied": {
    "$date": "2020-12-07T12:16:51.167Z"
  }
},{
  "_id": {
    "$oid": "5fce1d3467f12d6b13196aa3"
  },
  "id": 17,
  "app": "sessions",
  "name": "0001_initial",
  "applied": {
    "$date": "2020-12-07T12:16:52.248Z"
  }
},{
  "_id": {
    "$oid": "5fcfd5426a74beb35a0c1ec5"
  },
  "id": 18,
  "app": "auth",
  "name": "0012_alter_user_first_name_max_length",
  "applied": {
    "$date": "2020-12-08T19:34:26.009Z"
  }
},{
  "_id": {
    "$oid": "5fcfd66e9ed0f47933bc40be"
  },
  "id": 19,
  "app": "articles",
  "name": "0001_initial",
  "applied": {
    "$date": "2020-12-08T19:39:26.447Z"
  }
},{
  "_id": {
    "$oid": "5fcfdaef55c3127a55959c82"
  },
  "id": 20,
  "app": "articles",
  "name": "0002_auto_20201208_2258",
  "applied": {
    "$date": "2020-12-08T19:58:39.106Z"
  }
},{
  "_id": {
    "$oid": "5fd1df9f59bf2bf238178556"
  },
  "id": 21,
  "app": "articles",
  "name": "0003_auto_20201208_2320",
  "applied": {
    "$date": "2020-12-10T08:43:11.634Z"
  }
},{
  "_id": {
    "$oid": "5fd1dfa059bf2bf238178557"
  },
  "id": 22,
  "app": "articles",
  "name": "0004_auto_20201209_2246",
  "applied": {
    "$date": "2020-12-10T08:43:12.242Z"
  }
},{
  "_id": {
    "$oid": "5fd1dfa059bf2bf238178558"
  },
  "id": 23,
  "app": "articles",
  "name": "0005_auto_20201209_2315",
  "applied": {
    "$date": "2020-12-10T08:43:12.699Z"
  }
},{
  "_id": {
    "$oid": "5fd1dfa159bf2bf238178559"
  },
  "id": 24,
  "app": "articles",
  "name": "0006_auto_20201210_1030",
  "applied": {
    "$date": "2020-12-10T08:43:13.150Z"
  }
},{
  "_id": {
    "$oid": "5fd1e048a4b71f15f930b4e2"
  },
  "id": 25,
  "app": "articles",
  "name": "0007_article_id",
  "applied": {
    "$date": "2020-12-10T08:45:59.425Z"
  }
},{
  "_id": {
    "$oid": "5fd1e134ee135e9dcaf335ff"
  },
  "id": 26,
  "app": "articles",
  "name": "0008_auto_20201210_1148",
  "applied": {
    "$date": "2020-12-10T08:49:56.178Z"
  }
},{
  "_id": {
    "$oid": "5fd1e203b54f386501ccd6b7"
  },
  "id": 27,
  "app": "articles",
  "name": "0009_auto_20201210_1149",
  "applied": {
    "$date": "2020-12-10T08:53:23.259Z"
  }
},{
  "_id": {
    "$oid": "5fd1e204b54f386501ccd6b8"
  },
  "id": 28,
  "app": "articles",
  "name": "0010_auto_20201210_1152",
  "applied": {
    "$date": "2020-12-10T08:53:23.871Z"
  }
},{
  "_id": {
    "$oid": "5fd1e34c6d241740e94e74e3"
  },
  "id": 29,
  "app": "articles",
  "name": "0011_auto_20201210_1156",
  "applied": {
    "$date": "2020-12-10T08:58:52.158Z"
  }
},{
  "_id": {
    "$oid": "5fd1e3adf5ddf86dba839245"
  },
  "id": 30,
  "app": "articles",
  "name": "0012_auto_20201210_1158",
  "applied": {
    "$date": "2020-12-10T09:00:29.294Z"
  }
},{
  "_id": {
    "$oid": "5fd1e44d12a25d18a720700f"
  },
  "id": 31,
  "app": "articles",
  "name": "0013_auto_20201210_1200",
  "applied": {
    "$date": "2020-12-10T09:03:09.159Z"
  }
},{
  "_id": {
    "$oid": "5fd1e4a3893778fbf7bfb490"
  },
  "id": 32,
  "app": "articles",
  "name": "0014_auto_20201210_1201",
  "applied": {
    "$date": "2020-12-10T09:04:35.226Z"
  }
},{
  "_id": {
    "$oid": "5fd1e4ece010b584cff2d176"
  },
  "id": 33,
  "app": "articles",
  "name": "0015_auto_20201210_1202",
  "applied": {
    "$date": "2020-12-10T09:05:48.378Z"
  }
},{
  "_id": {
    "$oid": "5fd1eac2b6a8c356462edad4"
  },
  "id": 34,
  "app": "articles",
  "name": "0002_auto_20201210_1225",
  "applied": {
    "$date": "2020-12-10T09:30:41.822Z"
  }
},{
  "_id": {
    "$oid": "5fd1eac2b6a8c356462edad5"
  },
  "id": 35,
  "app": "articles",
  "name": "0003_auto_20201210_1230",
  "applied": {
    "$date": "2020-12-10T09:30:42.428Z"
  }
},{
  "_id": {
    "$oid": "5fd7078afa7de1bdc590c34f"
  },
  "id": 41,
  "app": "ontologies",
  "name": "0001_initial",
  "applied": {
    "$date": "2020-12-14T06:34:50.636Z"
  }
},{
  "_id": {
    "$oid": "5fd7306e2ba94dbfe84e2297"
  },
  "id": 42,
  "app": "ontologies",
  "name": "0002_auto_20201214_1228",
  "applied": {
    "$date": "2020-12-14T09:29:17.716Z"
  }
},{
  "_id": {
    "$oid": "5fdb970587204ff253fc5109"
  },
  "id": 43,
  "app": "articles",
  "name": "0004_auto_20201217_2032",
  "applied": {
    "$date": "2020-12-17T17:36:05.321Z"
  }
},{
  "_id": {
    "$oid": "5fdb970687204ff253fc510a"
  },
  "id": 44,
  "app": "articles",
  "name": "0005_auto_20201217_2035",
  "applied": {
    "$date": "2020-12-17T17:36:06.259Z"
  }
},{
  "_id": {
    "$oid": "5fde4e7abd34d1e309e4aa1b"
  },
  "id": 45,
  "app": "annotation",
  "name": "0001_initial",
  "applied": {
    "$date": "2020-12-19T19:03:22.452Z"
  }
},{
  "_id": {
    "$oid": "5fdf3da5d884ff251226ec99"
  },
  "id": 46,
  "app": "articles",
  "name": "0004_delete_article",
  "applied": {
    "$date": "2020-12-20T12:03:49.430Z"
  }
},{
  "_id": {
    "$oid": "5ffa1e537dfc74d64699f317"
  },
  "id": 47,
  "app": "articles",
  "name": "0004_auto_20210109_2233",
  "applied": {
    "$date": "2021-01-09T21:21:23.587Z"
  }
}]