[{
  "_id": {
    "$oid": "5fce1d3567f12d6b13196aa4"
  },
  "id": 1,
  "app_label": "admin",
  "model": "logentry"
},{
  "_id": {
    "$oid": "5fce1d3667f12d6b13196aab"
  },
  "id": 4,
  "app_label": "auth",
  "model": "user"
},{
  "_id": {
    "$oid": "5fce1d3667f12d6b13196aa9"
  },
  "id": 2,
  "app_label": "auth",
  "model": "permission"
},{
  "_id": {
    "$oid": "5fce1d3667f12d6b13196aaa"
  },
  "id": 3,
  "app_label": "auth",
  "model": "group"
},{
  "_id": {
    "$oid": "5fce1d3867f12d6b13196ab8"
  },
  "id": 5,
  "app_label": "contenttypes",
  "model": "contenttype"
},{
  "_id": {
    "$oid": "5fce1d3a67f12d6b13196abd"
  },
  "id": 6,
  "app_label": "sessions",
  "model": "session"
},{
  "_id": {
    "$oid": "5fcfd6729ed0f47933bc40bf"
  },
  "id": 7,
  "app_label": "articles",
  "model": "article"
},{
  "_id": {
    "$oid": "5fd66c6e1a04fe9da00d4255"
  },
  "id": 8,
  "app_label": "ontologies",
  "model": "ontology"
},{
  "_id": {
    "$oid": "5fde4e82bd34d1e309e4aa1c"
  },
  "id": 9,
  "app_label": "annotation",
  "model": "annotation"
}]