[{
  "_id": {
    "$oid": "5fce1d23ce9e1ea1e64b2eb8"
  },
  "name": "django_migrations",
  "auto": {
    "field_names": [
      "id"
    ],
    "seq": 47
  },
  "fields": {
    "app": {
      "type_code": "string"
    },
    "applied": {
      "type_code": "date"
    },
    "id": {
      "type_code": "int"
    },
    "name": {
      "type_code": "string"
    }
  }
},{
  "_id": {
    "$oid": "5fce1d24ce9e1ea1e64b2f02"
  },
  "name": "django_content_type",
  "auto": {
    "field_names": [
      "id"
    ],
    "seq": 9
  },
  "fields": {
    "app_label": {
      "type_code": "string"
    },
    "id": {
      "type_code": "int"
    },
    "model": {
      "type_code": "string"
    }
  }
},{
  "_id": {
    "$oid": "5fce1d25ce9e1ea1e64b2fb2"
  },
  "name": "auth_permission",
  "auto": {
    "field_names": [
      "id"
    ],
    "seq": 36
  },
  "fields": {
    "codename": {
      "type_code": "string"
    },
    "content_type_id": {
      "type_code": "int"
    },
    "id": {
      "type_code": "int"
    },
    "name": {
      "type_code": "string"
    }
  }
},{
  "_id": {
    "$oid": "5fce1d26ce9e1ea1e64b3030"
  },
  "name": "auth_group",
  "auto": {
    "field_names": [
      "id"
    ],
    "seq": 0
  },
  "fields": {
    "id": {
      "type_code": "int"
    },
    "name": {
      "type_code": "string"
    }
  }
},{
  "_id": {
    "$oid": "5fce1d27ce9e1ea1e64b3095"
  },
  "name": "auth_group_permissions",
  "auto": {
    "field_names": [
      "id"
    ],
    "seq": 0
  },
  "fields": {
    "group_id": {
      "type_code": "int"
    },
    "id": {
      "type_code": "int"
    },
    "permission_id": {
      "type_code": "int"
    }
  }
},{
  "_id": {
    "$oid": "5fce1d28ce9e1ea1e64b3104"
  },
  "name": "auth_user",
  "auto": {
    "field_names": [
      "id"
    ],
    "seq": 4
  },
  "fields": {
    "date_joined": {
      "type_code": "date"
    },
    "email": {
      "type_code": "string"
    },
    "first_name": {
      "type_code": "string"
    },
    "id": {
      "type_code": "int"
    },
    "is_active": {
      "type_code": "bool"
    },
    "is_staff": {
      "type_code": "bool"
    },
    "is_superuser": {
      "type_code": "bool"
    },
    "last_login": {
      "type_code": "date"
    },
    "last_name": {
      "type_code": "string"
    },
    "password": {
      "type_code": "string"
    },
    "username": {
      "type_code": "string"
    }
  }
},{
  "_id": {
    "$oid": "5fce1d28ce9e1ea1e64b314c"
  },
  "name": "auth_user_groups",
  "auto": {
    "field_names": [
      "id"
    ],
    "seq": 0
  },
  "fields": {
    "group_id": {
      "type_code": "int"
    },
    "id": {
      "type_code": "int"
    },
    "user_id": {
      "type_code": "int"
    }
  }
},{
  "_id": {
    "$oid": "5fce1d29ce9e1ea1e64b31a5"
  },
  "name": "auth_user_user_permissions",
  "auto": {
    "field_names": [
      "id"
    ],
    "seq": 0
  },
  "fields": {
    "id": {
      "type_code": "int"
    },
    "permission_id": {
      "type_code": "int"
    },
    "user_id": {
      "type_code": "int"
    }
  }
},{
  "_id": {
    "$oid": "5fce1d2cce9e1ea1e64b3344"
  },
  "name": "django_admin_log",
  "auto": {
    "field_names": [
      "id"
    ],
    "seq": 27
  },
  "fields": {
    "action_flag": {
      "type_code": "int"
    },
    "action_time": {
      "type_code": "date"
    },
    "change_message": {
      "type_code": "string"
    },
    "content_type_id": {
      "type_code": "int"
    },
    "id": {
      "type_code": "int"
    },
    "object_id": {
      "type_code": "string"
    },
    "object_repr": {
      "type_code": "string"
    },
    "user_id": {
      "type_code": "int"
    }
  }
},{
  "_id": {
    "$oid": "5fce1d34ce9e1ea1e64b371f"
  },
  "name": "django_session",
  "fields": {
    "expire_date": {
      "type_code": "date"
    },
    "session_data": {
      "type_code": "string"
    },
    "session_key": {
      "type_code": "string"
    }
  }
},{
  "_id": {
    "$oid": "5fcfd66ece9e1ea1e61175ab"
  },
  "name": "articles_article",
  "auto": {
    "field_names": [
      "id"
    ],
    "seq": 9
  },
  "fields": {
    "abstract": {
      "type_code": "string"
    },
    "copyrights": {
      "type_code": "string"
    },
    "doi": {
      "type_code": "string"
    },
    "journal": {
      "type_code": "string"
    },
    "publication_date": {
      "type_code": "date"
    },
    "pubmed_id": {
      "type_code": "string"
    },
    "title": {
      "type_code": "string"
    }
  }
},{
  "_id": {
    "$oid": "5fd7074ca36601ce24ccc223"
  },
  "name": "ontologies_ontology",
  "auto": {
    "field_names": [
      "id"
    ],
    "seq": 6519
  },
  "fields": {
    "definition": {
      "type_code": "string"
    },
    "id": {
      "type_code": "long"
    },
    "label": {
      "type_code": "string"
    },
    "class_id": {
      "type_code": null
    },
    "parent_id": {
      "type_code": null
    }
  }
},{
  "_id": {
    "$oid": "5fde4e7adb0042e15c7bb494"
  },
  "name": "annotation_annotation",
  "auto": {
    "field_names": [
      "id"
    ],
    "seq": 3
  },
  "fields": {
    "created": {
      "type_code": "date"
    },
    "creator_email": {
      "type_code": "string"
    },
    "creator_name": {
      "type_code": "string"
    },
    "creator_type": {
      "type_code": "string"
    },
    "id": {
      "type_code": "long"
    },
    "target_source": {
      "type_code": "string"
    },
    "target_type": {
      "type_code": "string"
    },
    "target_value": {
      "type_code": "string"
    }
  }
}]