[{
  "_id": {
    "$oid": "5fce1d3667f12d6b13196aa6"
  },
  "id": 2,
  "name": "Can change log entry",
  "content_type_id": 1,
  "codename": "change_logentry"
},{
  "_id": {
    "$oid": "5fce1d3667f12d6b13196aa5"
  },
  "id": 1,
  "name": "Can add log entry",
  "content_type_id": 1,
  "codename": "add_logentry"
},{
  "_id": {
    "$oid": "5fce1d3667f12d6b13196aa8"
  },
  "id": 4,
  "name": "Can view log entry",
  "content_type_id": 1,
  "codename": "view_logentry"
},{
  "_id": {
    "$oid": "5fce1d3667f12d6b13196aa7"
  },
  "id": 3,
  "name": "Can delete log entry",
  "content_type_id": 1,
  "codename": "delete_logentry"
},{
  "_id": {
    "$oid": "5fce1d3767f12d6b13196ab2"
  },
  "id": 11,
  "name": "Can delete group",
  "content_type_id": 3,
  "codename": "delete_group"
},{
  "_id": {
    "$oid": "5fce1d3767f12d6b13196aac"
  },
  "id": 5,
  "name": "Can add permission",
  "content_type_id": 2,
  "codename": "add_permission"
},{
  "_id": {
    "$oid": "5fce1d3767f12d6b13196aae"
  },
  "id": 7,
  "name": "Can delete permission",
  "content_type_id": 2,
  "codename": "delete_permission"
},{
  "_id": {
    "$oid": "5fce1d3767f12d6b13196ab3"
  },
  "id": 12,
  "name": "Can view group",
  "content_type_id": 3,
  "codename": "view_group"
},{
  "_id": {
    "$oid": "5fce1d3767f12d6b13196aad"
  },
  "id": 6,
  "name": "Can change permission",
  "content_type_id": 2,
  "codename": "change_permission"
},{
  "_id": {
    "$oid": "5fce1d3767f12d6b13196ab4"
  },
  "id": 13,
  "name": "Can add user",
  "content_type_id": 4,
  "codename": "add_user"
},{
  "_id": {
    "$oid": "5fce1d3767f12d6b13196ab5"
  },
  "id": 14,
  "name": "Can change user",
  "content_type_id": 4,
  "codename": "change_user"
},{
  "_id": {
    "$oid": "5fce1d3767f12d6b13196ab6"
  },
  "id": 15,
  "name": "Can delete user",
  "content_type_id": 4,
  "codename": "delete_user"
},{
  "_id": {
    "$oid": "5fce1d3767f12d6b13196ab7"
  },
  "id": 16,
  "name": "Can view user",
  "content_type_id": 4,
  "codename": "view_user"
},{
  "_id": {
    "$oid": "5fce1d3767f12d6b13196aaf"
  },
  "id": 8,
  "name": "Can view permission",
  "content_type_id": 2,
  "codename": "view_permission"
},{
  "_id": {
    "$oid": "5fce1d3767f12d6b13196ab0"
  },
  "id": 9,
  "name": "Can add group",
  "content_type_id": 3,
  "codename": "add_group"
},{
  "_id": {
    "$oid": "5fce1d3767f12d6b13196ab1"
  },
  "id": 10,
  "name": "Can change group",
  "content_type_id": 3,
  "codename": "change_group"
},{
  "_id": {
    "$oid": "5fce1d3867f12d6b13196abc"
  },
  "id": 20,
  "name": "Can view content type",
  "content_type_id": 5,
  "codename": "view_contenttype"
},{
  "_id": {
    "$oid": "5fce1d3867f12d6b13196abb"
  },
  "id": 19,
  "name": "Can delete content type",
  "content_type_id": 5,
  "codename": "delete_contenttype"
},{
  "_id": {
    "$oid": "5fce1d3867f12d6b13196aba"
  },
  "id": 18,
  "name": "Can change content type",
  "content_type_id": 5,
  "codename": "change_contenttype"
},{
  "_id": {
    "$oid": "5fce1d3867f12d6b13196ab9"
  },
  "id": 17,
  "name": "Can add content type",
  "content_type_id": 5,
  "codename": "add_contenttype"
},{
  "_id": {
    "$oid": "5fce1d3a67f12d6b13196ac1"
  },
  "id": 24,
  "name": "Can view session",
  "content_type_id": 6,
  "codename": "view_session"
},{
  "_id": {
    "$oid": "5fce1d3a67f12d6b13196ac0"
  },
  "id": 23,
  "name": "Can delete session",
  "content_type_id": 6,
  "codename": "delete_session"
},{
  "_id": {
    "$oid": "5fce1d3a67f12d6b13196abe"
  },
  "id": 21,
  "name": "Can add session",
  "content_type_id": 6,
  "codename": "add_session"
},{
  "_id": {
    "$oid": "5fce1d3a67f12d6b13196abf"
  },
  "id": 22,
  "name": "Can change session",
  "content_type_id": 6,
  "codename": "change_session"
},{
  "_id": {
    "$oid": "5fcfd6739ed0f47933bc40c3"
  },
  "id": 28,
  "name": "Can view article",
  "content_type_id": 7,
  "codename": "view_article"
},{
  "_id": {
    "$oid": "5fcfd6739ed0f47933bc40c0"
  },
  "id": 25,
  "name": "Can add article",
  "content_type_id": 7,
  "codename": "add_article"
},{
  "_id": {
    "$oid": "5fcfd6739ed0f47933bc40c2"
  },
  "id": 27,
  "name": "Can delete article",
  "content_type_id": 7,
  "codename": "delete_article"
},{
  "_id": {
    "$oid": "5fcfd6739ed0f47933bc40c1"
  },
  "id": 26,
  "name": "Can change article",
  "content_type_id": 7,
  "codename": "change_article"
},{
  "_id": {
    "$oid": "5fd6fe2f320cdc517854fcc8"
  },
  "id": 29,
  "name": "Can add ontology",
  "content_type_id": 8,
  "codename": "add_ontology"
},{
  "_id": {
    "$oid": "5fd6fe2f320cdc517854fcc9"
  },
  "id": 30,
  "name": "Can change ontology",
  "content_type_id": 8,
  "codename": "change_ontology"
},{
  "_id": {
    "$oid": "5fd6fe2f320cdc517854fcca"
  },
  "id": 31,
  "name": "Can delete ontology",
  "content_type_id": 8,
  "codename": "delete_ontology"
},{
  "_id": {
    "$oid": "5fd6fe2f320cdc517854fccb"
  },
  "id": 32,
  "name": "Can view ontology",
  "content_type_id": 8,
  "codename": "view_ontology"
},{
  "_id": {
    "$oid": "5fde4e83bd34d1e309e4aa1d"
  },
  "id": 33,
  "name": "Can add annotation",
  "content_type_id": 9,
  "codename": "add_annotation"
},{
  "_id": {
    "$oid": "5fde4e83bd34d1e309e4aa1e"
  },
  "id": 34,
  "name": "Can change annotation",
  "content_type_id": 9,
  "codename": "change_annotation"
},{
  "_id": {
    "$oid": "5fde4e83bd34d1e309e4aa1f"
  },
  "id": 35,
  "name": "Can delete annotation",
  "content_type_id": 9,
  "codename": "delete_annotation"
},{
  "_id": {
    "$oid": "5fde4e83bd34d1e309e4aa20"
  },
  "id": 36,
  "name": "Can view annotation",
  "content_type_id": 9,
  "codename": "view_annotation"
}]